{"stat.pickup.minecraft.rotten_flesh":126,"stat.pickup.minecraft.flint_and_steel":1,"stat.walkOneCm":3954,"stat.pickup.minecraft.bone":91,"stat.useItem.minecraft.flint_and_steel":2,"stat.leaveGame":1,"stat.pickup.minecraft.arrow":87,"stat.drop.nemalula.ingot_cooper":3,"stat.drop.minecraft.flint_and_steel":1,"stat.mobKills":1,"stat.pickup.minecraft.cobblestone":7,"stat.flyOneCm":32102,"stat.drop":4,"stat.jump":39,"stat.playOneMinute":4933,"stat.sneakTime":287,"stat.damageDealt":59,"stat.pickup.minecraft.gunpowder":82,"stat.crouchOneCm":585,"stat.timeSinceDeath":4933,"stat.pickup.minecraft.dirt":20,"stat.sprintOneCm":350,"stat.useItem.minecraft.stone_slab2":16,"stat.pickup.nemalula.ingot_cooper":3}