{"stat.pickup.minecraft.flint_and_steel":1,"stat.killEntity.Skeleton":1,"stat.killEntity.Bat":1,"stat.walkOneCm":5011,"stat.useItem.minecraft.flint_and_steel":63,"stat.leaveGame":1,"stat.drop.minecraft.flint_and_steel":1,"stat.mobKills":71,"stat.killEntity.Creeper":2,"stat.flyOneCm":170782,"stat.drop":1,"stat.jump":26,"stat.swimOneCm":24812,"stat.playOneMinute":3331,"stat.killEntity.Sheep":5,"stat.sneakTime":335,"stat.crouchOneCm":285,"stat.killEntity.Zombie":5,"stat.timeSinceDeath":3331,"stat.killEntity.Squid":9,"stat.killEntity.Silverfish":31,"stat.sprintOneCm":160,"stat.useItem.minecraft.stone_slab2":49,"stat.killEntity.Pig":17}