{
  "minecraft:recipes/transportation/acacia_boat": {
    "criteria": {
      "entered_water": "2019-11-09 21:00:27 +0200"
    },
    "done": true
  },
  "minecraft:recipes/transportation/dark_oak_boat": {
    "criteria": {
      "entered_water": "2019-11-09 21:00:27 +0200"
    },
    "done": true
  },
  "minecraft:recipes/transportation/birch_boat": {
    "criteria": {
      "entered_water": "2019-11-09 21:00:27 +0200"
    },
    "done": true
  },
  "minecraft:recipes/transportation/boat": {
    "criteria": {
      "entered_water": "2019-11-09 21:00:27 +0200"
    },
    "done": true
  },
  "minecraft:recipes/transportation/jungle_boat": {
    "criteria": {
      "entered_water": "2019-11-09 21:00:27 +0200"
    },
    "done": true
  },
  "minecraft:recipes/transportation/spruce_boat": {
    "criteria": {
      "entered_water": "2019-11-09 21:00:27 +0200"
    },
    "done": true
  },
  "minecraft:adventure/adventuring_time": {
    "criteria": {
      "forest": "2019-11-09 20:57:46 +0200",
      "extreme_hills_with_trees": "2019-11-09 21:01:22 +0200",
      "forest_hills": "2019-11-09 20:56:46 +0200",
      "extreme_hills": "2019-11-09 21:01:17 +0200",
      "river": "2019-11-09 21:01:18 +0200"
    },
    "done": false
  }
}